t,x,y,z,id,type
0.00,4985.6,10042.1,0.0,0,atk
0.00,4971.7,1201.4,0.0,1,atk
0.00,6685.8,3244.5,0.0,2,atk
0.00,13534.5,10501.0,0.0,3,atk
0.00,13921.1,14059.0,0.0,4,atk
0.00,8160.0,31.1,0.0,5,atk
0.00,6216.1,10899.4,0.0,6,atk
0.00,4499.0,10001.0,0.0,7,atk
0.00,9471.7,6902.5,0.0,8,atk
0.00,9670.9,7374.0,0.0,9,atk
0.00,8727.8,9192.5,0.0,2,def
0.00,12908.0,10778.5,0.0,4,def
0.00,6971.1,13128.7,0.0,5,def
0.00,13925.6,12808.7,0.0,6,def
0.00,5040.2,11784.1,0.0,7,def
0.00,8141.4,393.7,0.0,8,def
0.22,4954.1,10033.7,32.3,0,atk
0.22,4941.5,1218.3,34.3,1,atk
0.22,6653.5,3274.8,44.0,2,atk
0.22,13498.9,10522.6,41.5,3,atk
0.22,13866.9,14037.9,57.9,4,atk
0.22,8162.9,77.6,46.4,5,atk
0.22,6187.4,10862.6,46.4,6,atk
0.22,4476.9,9965.3,41.8,7,atk
0.22,9445.1,6931.8,39.3,8,atk
0.22,9642.6,7400.9,38.7,9,atk
0.22,8730.7,9187.0,0.1,2,def
0.22,12913.6,10776.0,0.2,4,def
0.22,6969.1,13122.8,0.1,5,def
0.22,13925.5,12814.9,0.1,6,def
0.22,5045.1,11780.3,0.1,7,def
0.22,8141.8,387.6,0.4,8,def
0.40,4928.3,10026.8,58.5,0,atk
0.40,4916.8,1232.2,62.1,1,atk
0.40,6627.0,3299.6,79.7,2,atk
0.40,13469.7,10540.4,75.0,3,atk
0.40,13822.6,14020.6,104.9,4,atk
0.40,8165.2,115.8,84.0,5,atk
0.40,6163.9,10832.4,84.0,6,atk
0.40,4458.8,9936.0,75.7,7,atk
0.40,9423.4,6955.8,71.1,8,atk
0.40,9619.5,7422.8,70.0,9,atk
0.40,8736.3,9175.9,0.3,2,def
0.40,12925.0,10771.0,0.8,4,def
0.40,6965.1,13111.1,0.3,5,def
0.40,13925.0,12827.3,0.6,6,def
0.40,5054.8,11772.6,0.4,7,def
0.40,8142.6,375.3,1.9,8,def
0.62,4896.8,10018.4,89.9,0,atk
0.62,4886.6,1249.1,95.5,1,atk
0.62,6594.7,3329.8,122.8,2,atk
0.62,13434.0,10562.0,115.7,3,atk
0.62,13768.4,13999.5,161.9,4,atk
0.62,8168.1,162.4,129.6,5,atk
0.62,6135.2,10795.6,129.6,6,atk
0.62,4436.6,9900.2,116.6,7,atk
0.62,9396.8,6985.1,109.5,8,atk
0.62,9591.3,7449.7,107.9,9,atk
0.62,8747.3,9154.3,0.9,2,def
0.62,12947.2,10761.5,3.0,4,def
0.62,6957.1,13088.2,0.9,5,def
0.62,13923.5,12851.4,2.1,6,def
0.62,5073.5,11757.2,1.4,7,def
0.62,8144.4,351.9,7.1,8,def
0.82,4868.2,10010.8,118.1,0,atk
0.82,4859.2,1264.4,125.5,1,atk
0.82,6565.3,3357.3,161.6,2,atk
0.82,13401.6,10581.7,152.2,3,atk
0.82,13719.2,13980.3,213.3,4,atk
0.82,8170.8,204.7,170.6,5,atk
0.82,6109.1,10762.2,170.6,6,atk
0.82,4416.5,9867.7,153.4,7,atk
0.82,9372.6,7011.7,144.1,8,atk
0.82,9565.7,7474.1,141.8,9,atk
0.82,8761.2,9126.7,2.0,2,def
0.82,12975.4,10749.6,6.9,4,def
0.82,6946.8,13059.0,1.9,5,def
0.82,13920.9,12882.1,4.8,6,def
0.82,5097.1,11737.3,3.1,7,def
0.82,8146.9,323.5,16.8,8,def
1.02,4839.5,10003.2,146.0,0,atk
1.02,4831.8,1279.8,155.1,1,atk
1.02,6535.9,3384.8,200.1,2,atk
1.02,13369.1,10601.4,188.3,3,atk
1.02,13670.0,13961.1,264.3,4,atk
1.02,8173.4,247.1,211.2,5,atk
1.02,6083.1,10728.7,211.2,6,atk
1.02,4396.4,9835.2,189.8,7,atk
1.02,9348.5,7038.4,178.2,8,atk
1.02,9540.0,7498.6,175.4,9,atk
1.02,8778.9,9091.4,3.7,2,def
1.02,13011.1,10734.7,13.6,4,def
1.02,6933.7,13021.8,3.6,5,def
1.02,13916.7,12921.0,9.1,6,def
1.02,5126.8,11711.4,5.9,7,def
1.02,8150.6,290.5,33.6,8,def
1.22,4810.9,9995.5,173.4,0,atk
1.22,4804.3,1295.1,184.4,1,atk
1.22,6506.6,3412.4,238.1,2,atk
1.22,13336.7,10621.0,224.0,3,atk
1.22,13620.7,13942.0,314.9,4,atk
1.22,8176.0,289.4,251.4,5,atk
1.22,6057.0,10695.2,251.4,6,atk
1.22,4376.2,9802.7,225.9,7,atk
1.22,9324.3,7065.0,212.0,8,atk
1.22,9514.4,7523.0,208.6,9,atk
1.22,8800.3,9048.2,6.4,2,def
1.22,13054.2,10717.2,24.2,4,def
1.22,6917.4,12976.4,6.0,5,def
1.22,13910.4,12968.1,15.5,6,def
1.22,5162.4,11679.3,10.1,7,def
1.22,8155.2,255.8,58.8,8,def
1.42,4782.2,9987.9,200.4,0,atk
1.42,4776.9,1310.5,213.2,1,atk
1.42,6477.2,3439.9,275.7,2,atk
1.42,13304.3,10640.7,259.3,3,atk
1.42,13571.5,13922.8,365.2,4,atk
1.42,8178.6,331.8,291.3,5,atk
1.42,6030.9,10661.8,291.2,6,atk
1.42,4356.1,9770.1,261.5,7,atk
1.42,9300.1,7091.6,245.3,8,atk
1.42,9488.7,7547.4,241.5,9,atk
1.42,8825.4,8997.0,10.1,2,def
1.42,13104.1,10697.3,39.9,4,def
1.42,6898.1,12922.7,9.3,5,def
1.42,13901.7,13023.4,24.5,6,def
1.42,5203.9,11640.7,15.9,7,def
1.42,8160.8,222.9,92.5,8,def
1.62,4753.6,9980.2,227.1,0,atk
1.62,4749.5,1325.9,241.6,1,atk
1.62,6447.8,3467.4,313.0,2,atk
1.62,13271.8,10660.4,294.3,3,atk
1.62,13522.2,13903.6,415.0,4,atk
1.62,8181.3,374.1,330.7,5,atk
1.62,6004.8,10628.3,330.6,6,atk
1.62,4336.0,9737.6,296.7,7,atk
1.62,9275.9,7118.3,278.3,8,atk
1.62,9463.1,7571.9,273.9,9,atk
1.62,8854.2,8937.7,15.2,2,def
1.62,13159.8,10675.9,62.4,4,def
1.62,6875.5,12860.7,13.7,5,def
1.62,13889.9,13086.6,36.6,6,def
1.62,5251.0,11595.3,23.6,7,def
1.62,8167.1,194.4,134.1,8,def
1.82,4725.0,9972.6,253.3,0,atk
1.82,4722.0,1341.2,269.7,1,atk
1.82,6418.4,3494.9,349.8,2,atk
1.82,13239.4,10680.1,328.8,3,atk
1.82,13473.0,13884.4,464.5,4,atk
1.82,8183.9,416.5,369.8,5,atk
1.82,5978.7,10594.8,369.7,6,atk
1.82,4315.9,9705.1,331.6,7,atk
1.82,9251.8,7144.9,310.9,8,atk
1.82,9437.4,7596.3,305.9,9,atk
1.82,8886.7,8870.1,22.0,2,def
1.82,13219.0,10654.2,93.3,4,def
1.82,6849.6,12790.1,19.4,5,def
1.82,13874.5,13157.5,52.4,6,def
1.82,5303.6,11542.8,33.7,7,def
1.82,8173.9,172.1,182.5,8,def
2.02,4696.3,9965.0,279.1,0,atk
2.02,4694.6,1356.6,297.3,1,atk
2.02,6389.0,3522.4,386.3,2,atk
2.02,13207.0,10699.7,362.9,3,atk
2.02,13423.8,13865.2,513.5,4,atk
2.02,8186.5,458.9,408.4,5,atk
2.02,5952.7,10561.4,408.3,6,atk
2.02,4295.7,9672.6,366.0,7,atk
2.02,9227.6,7171.5,343.0,8,atk
2.02,9411.7,7620.7,337.5,9,atk
2.02,8922.9,8794.0,30.6,2,def
2.02,13278.8,10633.6,133.4,4,def
2.02,6820.2,12710.9,26.4,5,def
2.02,13855.0,13235.7,72.5,6,def
2.02,5361.4,11482.9,46.4,7,def
2.02,8181.0,157.2,236.7,8,def
2.22,4667.7,9957.3,304.6,0,atk
2.22,4667.2,1372.0,324.6,1,atk
2.22,6359.7,3549.9,422.4,2,atk
2.22,13174.6,10719.4,396.7,3,atk
2.22,13374.5,13846.0,562.2,4,atk
2.22,8189.1,501.2,446.7,5,atk
2.22,5926.6,10527.9,446.5,6,atk
2.22,4275.6,9640.1,400.1,7,atk
2.22,9203.4,7198.2,374.8,8,atk
2.22,9386.1,7645.1,368.8,9,atk
2.22,8962.6,8709.3,41.6,2,def
2.22,13335.8,10615.5,182.2,4,def
2.22,6787.3,12622.9,35.1,5,def
2.22,13830.7,13320.6,97.4,6,def
2.22,5424.0,11415.3,62.1,7,def
2.22,8188.2,150.6,295.6,8,def
2.42,4639.0,9949.7,329.7,0,atk
2.42,4639.7,1387.3,351.4,1,atk
2.42,6330.3,3577.4,458.1,2,atk
2.42,13142.1,10739.1,430.1,3,atk
2.42,13325.3,13826.8,610.5,4,atk
2.42,8191.8,543.6,484.5,5,atk
2.42,5900.5,10494.4,484.4,6,atk
2.42,4255.5,9607.5,433.8,7,atk
2.42,9179.3,7224.8,406.2,8,atk
2.42,9360.4,7669.6,399.6,9,atk
2.42,9005.8,8615.9,55.4,2,def
2.42,13381.4,10602.6,231.7,4,def
2.42,6750.7,12526.0,45.5,5,def
2.42,13801.1,13411.5,127.8,6,def
2.42,5491.1,11339.7,81.4,7,def
2.42,8195.5,152.9,358.5,8,def
2.62,4610.4,9942.1,354.4,0,atk
2.62,4612.3,1402.7,377.9,1,atk
2.62,6300.9,3605.0,493.3,2,atk
2.62,13109.7,10758.8,463.0,3,atk
2.62,13276.0,13807.6,658.4,4,atk
2.62,8194.4,585.9,522.0,5,atk
2.62,5874.4,10461.0,521.9,6,atk
2.62,4235.4,9575.0,467.0,7,atk
2.62,9155.1,7251.4,437.2,8,atk
2.62,9334.8,7694.0,430.1,9,atk
2.62,9052.2,8513.6,72.4,2,def
2.62,13405.1,10597.6,268.5,4,def
2.62,6710.3,12420.1,57.9,5,def
2.62,13765.4,13507.6,164.4,6,def
2.62,5562.1,11255.9,104.7,7,def
2.62,8202.8,164.7,424.6,8,def
2.82,4581.7,9934.4,378.6,0,atk
2.82,4584.9,1418.0,404.0,1,atk
2.82,6271.5,3632.5,528.2,2,atk
2.82,13077.3,10778.5,495.6,3,atk
2.82,13226.8,13788.4,705.8,4,atk
2.82,8197.0,628.3,559.1,5,atk
2.82,5848.3,10427.5,558.9,6,atk
2.82,4215.2,9542.5,499.9,7,atk
2.82,9130.9,7278.0,467.8,8,atk
2.82,9309.1,7718.4,460.2,9,atk
2.82,9101.6,8402.4,93.4,2,def
2.82,13419.9,10597.0,308.8,4,def
2.82,6666.0,12305.0,72.5,5,def
2.82,13723.0,13607.5,207.6,6,def
2.82,5636.3,11163.5,132.5,7,def
2.82,8209.8,186.4,493.1,8,def
3.02,4553.1,9926.8,402.5,0,atk
3.02,4557.4,1433.4,429.7,1,atk
3.02,6242.2,3660.0,562.7,2,atk
3.02,13044.8,10798.1,527.8,3,atk
3.02,13177.6,13769.2,752.9,4,atk
3.02,8199.7,670.6,595.8,5,atk
3.02,5822.3,10394.0,595.6,6,atk
3.02,4195.1,9510.0,532.4,7,atk
3.02,9106.8,7304.7,498.1,8,atk
3.02,9283.5,7742.9,489.8,9,atk
3.02,9153.7,8282.5,119.3,2,def
3.02,13426.5,10600.9,353.8,4,def
3.02,6617.7,12180.6,89.5,5,def
3.02,13673.6,13709.9,257.9,6,def
3.02,5712.9,11062.4,165.3,7,def
3.02,8216.5,218.4,563.3,8,def
3.22,4524.5,9919.2,426.0,0,atk
3.22,4530.0,1448.8,455.0,1,atk
3.22,6212.8,3687.5,596.9,2,atk
3.22,13012.4,10817.8,559.6,3,atk
3.22,13128.3,13750.1,799.7,4,atk
3.22,8202.3,713.0,632.1,5,atk
3.22,5796.2,10360.6,631.9,6,atk
3.22,4175.0,9477.5,564.5,7,atk
3.22,9082.6,7331.3,527.9,8,atk
3.22,9257.8,7767.3,519.1,9,atk
3.22,9207.7,8154.0,151.3,2,def
3.22,13424.3,10609.2,402.8,4,def
3.22,6565.1,12046.9,109.2,5,def
3.22,13616.7,13813.2,315.7,6,def
3.22,5790.9,10952.4,204.0,7,def
3.22,8222.9,260.9,634.4,8,def
3.42,4495.8,9911.5,449.1,0,atk
3.42,4502.6,1464.1,479.9,1,atk
3.42,6183.4,3715.0,630.6,2,atk
3.42,12980.0,10837.5,591.0,3,atk
3.42,13079.1,13730.9,846.0,4,atk
3.42,8204.9,755.3,668.0,5,atk
3.42,5770.1,10327.1,667.8,6,atk
3.42,4154.8,9444.9,596.2,7,atk
3.42,9058.4,7357.9,557.3,8,atk
3.42,9232.2,7791.7,548.0,9,atk
3.42,9262.6,8017.9,190.8,2,def
3.42,13413.1,10622.2,455.3,4,def
3.42,6508.3,11903.6,131.9,5,def
3.42,13552.1,13915.3,381.2,6,def
3.42,5868.9,10833.7,249.0,7,def
3.42,8228.8,314.4,705.6,8,def
3.62,4467.2,9903.9,471.8,0,atk
3.62,4475.1,1479.5,504.4,1,atk
3.62,6154.0,3742.5,663.9,2,atk
3.62,12947.5,10857.2,622.0,3,atk
3.62,13029.9,13711.7,891.9,4,atk
3.62,8207.5,797.7,703.5,5,atk
3.62,5744.0,10293.6,703.3,6,atk
3.62,4134.7,9412.4,627.5,7,atk
3.62,9034.2,7384.6,586.4,8,atk
3.62,9206.5,7816.2,576.5,9,atk
3.62,9316.5,7876.2,239.8,2,def
3.62,13392.2,10640.0,511.0,4,def
3.62,6446.9,11750.8,157.9,5,def
3.62,13479.8,14014.5,454.1,6,def
3.62,5945.1,10706.6,301.0,7,def
3.62,8234.2,378.8,776.0,8,def
3.82,4438.5,9896.2,494.2,0,atk
3.82,4447.7,1494.9,528.5,1,atk
3.82,6124.6,3770.1,696.8,2,atk
3.82,12915.1,10876.8,652.6,3,atk
3.82,12980.6,13692.5,937.4,4,atk
3.82,8210.2,840.1,738.6,5,atk
3.82,5717.9,10260.2,738.4,6,atk
3.82,4114.6,9379.9,658.5,7,atk
3.82,9010.1,7411.2,615.0,8,atk
3.82,9180.9,7840.6,604.6,9,atk
3.82,9366.7,7733.2,299.0,2,def
3.82,13361.4,10662.7,569.2,4,def
3.82,6380.8,11588.2,187.6,5,def
3.82,13400.3,14108.9,534.1,6,def
3.82,6017.5,10571.8,360.5,7,def
3.82,8238.8,454.5,844.7,8,def
4.02,4409.9,9888.6,516.1,0,atk
4.02,4420.3,1510.2,552.3,1,atk
4.02,6095.3,3797.6,729.4,2,atk
4.02,12882.7,10896.5,682.9,3,atk
4.02,12931.4,13673.3,982.5,4,atk
4.02,8212.8,882.4,773.3,5,atk
4.02,5691.9,10226.7,773.1,6,atk
4.02,4094.5,9347.4,689.0,7,atk
4.02,8985.9,7437.8,643.3,8,atk
4.02,9155.2,7865.0,632.3,9,atk
4.02,9405.5,7611.1,359.3,2,def
4.02,13320.3,10690.3,629.5,4,def
4.02,6309.8,11415.9,221.3,5,def
4.02,13313.8,14196.5,620.7,6,def
4.02,6083.9,10430.8,427.7,7,def
4.02,8242.6,541.5,910.6,8,def
4.22,4381.2,9881.0,537.6,0,atk
4.22,4392.8,1525.6,575.6,1,atk
4.22,6065.9,3825.1,761.5,2,atk
4.22,12850.2,10916.2,712.7,3,atk
4.22,12882.1,13654.1,1027.3,4,atk
4.22,8215.4,924.8,807.7,5,atk
4.22,5665.8,10193.2,807.4,6,atk
4.22,4074.3,9314.9,719.1,7,atk
4.22,8961.7,7464.5,671.1,8,atk
4.22,9129.5,7889.4,659.6,9,atk
4.22,9429.6,7522.8,411.9,2,def
4.22,13268.4,10723.0,691.2,4,def
4.22,6233.7,11233.8,259.7,5,def
4.22,13221.2,14275.8,713.2,6,def
4.22,6142.0,10285.3,502.1,7,def
4.22,8245.5,639.6,972.2,8,def
4.42,4352.6,9873.3,558.8,0,atk
4.42,4365.4,1540.9,598.5,1,atk
4.42,6036.5,3852.6,793.3,2,atk
4.42,12817.8,10935.9,742.1,3,atk
4.42,12832.9,13634.9,1071.6,4,atk
4.42,8218.0,967.1,841.6,5,atk
4.42,5639.7,10159.8,841.4,6,atk
4.42,4054.2,9282.4,748.9,7,atk
4.42,8937.6,7491.1,698.6,8,atk
4.42,9103.9,7913.9,686.5,9,atk
4.42,9440.8,7468.7,452.6,2,def
4.42,13205.5,10760.8,753.6,4,def
4.42,6152.3,11042.0,303.1,5,def
4.42,13123.2,14345.3,810.7,6,def
4.42,6189.9,10138.1,582.9,7,def
4.42,8247.4,748.4,1028.1,8,def
4.62,4324.0,9865.7,579.5,0,atk
4.62,4338.0,1556.3,621.1,1,atk
4.62,6007.1,3880.1,824.6,2,atk
4.62,12785.4,10955.6,771.2,3,atk
4.62,12783.7,13615.7,1115.6,4,atk
4.62,8220.7,1009.5,875.1,5,atk
4.62,5613.6,10126.3,874.9,6,atk
4.62,4034.1,9249.8,778.2,7,atk
4.62,8913.4,7517.7,725.7,8,atk
4.62,9078.2,7938.3,713.1,9,atk
4.62,9442.0,7446.9,476.7,2,def
4.62,13131.2,10803.8,815.8,4,def
4.62,6065.3,10840.6,352.5,5,def
4.62,13020.6,14404.0,912.3,6,def
4.62,6222.1,10008.4,659.1,7,def
4.62,8247.9,866.8,1076.2,8,def
4.82,4295.3,9858.1,599.9,0,atk
4.82,4310.6,1571.7,643.3,1,atk
4.82,5977.7,3907.6,855.6,2,atk
4.82,12752.9,10975.2,799.8,3,atk
4.82,12734.4,13596.5,1159.2,4,atk
4.82,8223.3,1051.8,908.3,5,atk
4.82,5587.5,10092.8,908.0,6,atk
4.82,4014.0,9217.3,807.2,7,atk
4.82,8889.2,7544.4,752.4,8,atk
4.82,9052.6,7962.7,739.2,9,atk
4.82,9436.4,7443.3,494.0,2,def
4.82,13045.2,10852.0,876.7,4,def
4.82,5972.5,10630.0,408.7,5,def
4.82,12914.2,14450.8,1017.1,6,def
4.82,6237.1,9907.7,723.2,7,def
4.82,8247.1,993.0,1114.2,8,def
5.02,4266.7,9850.4,619.9,0,atk
5.02,4283.1,1587.0,665.0,1,atk
5.02,5948.4,3935.1,886.2,2,atk
5.02,12720.5,10994.9,828.1,3,atk
5.02,12685.2,13577.4,1202.3,4,atk
5.02,8225.9,1094.2,941.1,5,atk
5.02,5561.5,10059.4,940.8,6,atk
5.02,3993.8,9184.8,835.8,7,atk
5.02,8865.1,7571.0,778.6,8,atk
5.02,9026.9,7987.2,765.0,9,atk
5.02,9423.4,7449.7,516.1,2,def
5.02,12947.3,10905.2,934.7,4,def
5.02,5873.5,10410.9,472.9,5,def
5.02,12805.8,14484.7,1123.5,6,def
5.02,6237.9,9836.7,773.0,7,def
5.02,8245.1,1114.4,1138.2,8,def
5.22,4238.0,9842.8,639.4,0,atk
5.22,4255.7,1602.4,686.4,1,atk
5.22,5919.0,3962.7,916.4,2,atk
5.22,12688.1,11014.6,856.0,3,atk
5.22,12636.0,13558.2,1245.1,4,atk
5.22,8228.6,1136.5,973.4,5,atk
5.22,5535.4,10025.9,973.2,6,atk
5.22,3973.7,9152.3,863.9,7,atk
5.22,8840.9,7597.6,804.5,8,atk
5.22,9001.3,8011.6,790.3,9,atk
5.22,9402.9,7466.4,542.9,2,def
5.22,12837.8,10963.1,987.5,4,def
5.22,5768.1,10184.7,546.6,5,def
5.22,12706.9,14502.5,1219.9,6,def
5.22,6226.6,9784.0,815.8,7,def
5.22,8242.4,1204.4,1144.9,8,def
5.42,4209.4,9835.1,658.6,0,atk
5.42,4228.3,1617.8,707.4,1,atk
5.42,5889.6,3990.2,946.2,2,atk
5.42,12655.6,11034.3,883.4,3,atk
5.42,12586.7,13539.0,1287.5,4,atk
5.42,8231.2,1178.9,1005.4,5,atk
5.42,5509.3,9992.4,1005.1,6,atk
5.42,3953.6,9119.8,891.7,7,atk
5.42,8816.7,7624.2,830.1,8,atk
5.42,8975.6,8036.0,815.3,9,atk
5.42,9374.6,7493.5,574.6,2,def
5.42,12718.1,11024.6,1031.8,4,def
5.42,5656.5,9954.3,632.0,5,def
5.42,12608.1,14506.1,1315.5,6,def
5.42,6202.5,9735.6,861.6,7,def
5.42,8239.9,1257.9,1139.3,8,def
5.62,4180.8,9827.5,677.4,0,atk
5.62,4200.8,1633.1,728.0,1,atk
5.62,5860.2,4017.7,975.6,2,atk
5.62,12623.2,11053.9,910.5,3,atk
5.62,12537.5,13519.8,1329.5,4,atk
5.62,5483.2,9959.0,1036.7,6,atk
5.62,3933.4,9087.2,919.1,7,atk
5.62,8792.6,7650.9,855.2,8,atk
5.62,8950.0,8060.4,839.9,9,atk
5.62,9338.2,7531.5,611.2,2,def
5.62,12598.4,11084.2,1062.0,4,def
5.62,5539.8,9725.5,730.3,5,def
5.62,12508.9,14495.3,1410.8,6,def
5.62,6165.1,9691.9,910.3,7,def
5.82,4152.1,9819.9,695.8,0,atk
5.82,4173.4,1648.5,748.2,1,atk
5.82,5830.8,4045.2,1004.6,2,atk
5.82,12590.8,11073.6,937.2,3,atk
5.82,12488.2,13500.6,1371.1,4,atk
5.82,5457.2,9925.5,1067.9,6,atk
5.82,3913.3,9054.7,946.1,7,atk
5.82,8768.4,7677.5,879.9,8,atk
5.82,8924.3,8084.9,864.0,9,atk
5.82,9293.5,7580.8,652.7,2,def
5.82,12507.0,11128.3,1073.4,4,def
5.82,5429.7,9521.5,832.1,5,def
5.82,12410.0,14469.8,1505.0,6,def
5.82,6114.0,9653.4,961.5,7,def
6.02,4123.5,9812.2,713.8,0,atk
6.02,4146.0,1663.8,768.0,1,atk
6.02,5801.5,4072.7,1033.2,2,atk
6.02,12558.4,11093.3,963.5,3,atk
6.02,12439.0,13481.4,1412.3,4,atk
6.02,5431.1,9892.0,1098.7,6,atk
6.02,3893.2,9022.2,972.7,7,atk
6.02,8744.2,7704.1,904.2,8,atk
6.02,8898.7,8109.3,887.8,9,atk
6.02,9240.3,7641.8,699.1,2,def
6.02,12451.5,11154.1,1071.4,4,def
6.02,5334.2,9355.6,928.3,5,def
6.02,12312.2,14429.2,1597.3,6,def
6.02,6049.0,9620.6,1015.2,7,def
6.22,4094.8,9804.6,731.4,0,atk
6.22,4118.5,1679.2,787.4,1,atk
6.22,5772.1,4100.2,1061.4,2,atk
6.22,12525.9,11113.0,989.4,3,atk
6.22,12389.8,13462.2,1453.1,4,atk
6.22,5405.0,9858.6,1129.1,6,atk
6.22,3873.1,8989.7,998.9,7,atk
6.22,8720.0,7730.8,928.2,8,atk
6.22,8873.0,8133.7,911.2,9,atk
6.22,9178.2,7714.8,750.5,2,def
6.22,12434.2,11161.6,1065.1,4,def
6.22,5255.7,9228.5,1014.2,5,def
6.22,12216.3,14373.2,1686.6,6,def
6.22,5969.5,9593.8,1070.9,7,def
6.42,4066.2,9797.0,748.6,0,atk
6.42,4091.1,1694.6,806.4,1,atk
6.42,5742.7,4127.7,1089.2,2,atk
6.42,12340.5,13443.0,1493.6,4,atk
6.42,5378.9,9825.1,1159.1,6,atk
6.42,3852.9,8957.2,1024.7,7,atk
6.42,8695.9,7757.4,951.7,8,atk
6.42,8847.4,8158.2,934.2,9,atk
6.42,9106.9,7800.3,806.7,2,def
6.42,5195.5,9139.7,1086.2,5,def
6.42,12123.1,14301.6,1772.2,6,def
6.42,5875.3,9573.8,1128.3,7,def
6.62,4037.5,9789.3,765.5,0,atk
6.62,4063.7,1709.9,825.0,1,atk
6.62,5713.3,4155.3,1116.7,2,atk
6.62,12291.3,13423.8,1533.6,4,atk
6.62,5352.8,9791.6,1188.7,6,atk
6.62,3832.8,8924.6,1050.2,7,atk
6.62,8671.7,7784.0,974.9,8,atk
6.62,8821.7,8182.6,956.8,9,atk
6.62,9026.1,7898.9,867.7,2,def
6.62,5154.7,9087.7,1140.9,5,def
6.62,12033.8,14214.4,1852.8,6,def
6.62,5766.0,9561.1,1186.7,7,def
6.82,4008.9,9781.7,781.9,0,atk
6.82,4036.2,1725.3,843.3,1,atk
6.82,5683.9,4182.8,1143.7,2,atk
6.82,12242.0,13404.6,1573.2,4,atk
6.82,5326.8,9758.2,1217.9,6,atk
6.82,3812.7,8892.1,1075.2,7,atk
6.82,8647.5,7810.7,997.6,8,atk
6.82,8796.0,8207.0,979.0,9,atk
6.82,8935.4,8011.2,933.1,2,def
6.82,5133.8,9068.8,1174.3,5,def
6.82,11949.3,14111.6,1927.3,6,def
6.82,5641.4,9556.7,1245.4,7,def
7.02,3980.3,9774.1,798.0,0,atk
7.02,4008.8,1740.7,861.1,1,atk
7.02,5654.6,4210.3,1170.4,2,atk
7.02,12192.8,13385.5,1612.5,4,atk
7.02,5300.7,9724.7,1246.8,6,atk
7.02,3792.6,8859.6,1099.9,7,atk
7.02,8623.4,7837.3,1020.0,8,atk
7.02,8770.4,8231.4,1000.9,9,atk
7.02,8834.3,8137.8,1001.9,2,def
7.02,5128.1,9073.1,1189.7,5,def
7.02,11870.9,13993.5,1994.3,6,def
7.02,5501.3,9561.7,1303.0,7,def
7.22,3951.6,9766.4,813.6,0,atk
7.22,3981.4,1756.0,878.5,1,atk
7.22,5625.2,4237.8,1196.6,2,atk
7.22,12143.6,13366.3,1651.3,4,atk
7.22,5274.6,9691.2,1275.2,6,atk
7.22,3772.4,8827.1,1124.1,7,atk
7.22,8599.2,7863.9,1042.0,8,atk
7.22,5127.6,9095.6,1206.0,5,def
7.22,11800.0,13860.7,2052.3,6,def
7.22,5346.9,9578.0,1356.7,7,def
7.42,3923.0,9758.8,828.9,0,atk
7.42,3954.0,1771.4,895.6,1,atk
7.42,5595.8,4265.3,1222.5,2,atk
7.42,12094.3,13347.1,1689.8,4,atk
7.42,3752.3,8794.6,1148.0,7,atk
7.42,8575.0,7890.6,1063.6,8,atk
7.42,5131.6,9137.0,1224.7,5,def
7.42,11738.3,13714.4,2099.6,6,def
7.62,3894.3,9751.1,843.7,0,atk
7.62,3926.5,1786.7,912.3,1,atk
7.62,5566.4,4292.8,1248.0,2,atk
7.62,12045.1,13327.9,1727.9,4,atk
7.62,3732.2,8762.0,1171.4,7,atk
7.62,8550.9,7917.2,1084.8,8,atk
7.62,5140.3,9197.9,1245.8,5,def
7.62,11687.4,13556.6,2134.2,6,def
7.82,3865.7,9743.5,858.2,0,atk
7.82,3899.1,1802.1,928.5,1,atk
7.82,5537.0,4320.3,1273.1,2,atk
7.82,11995.9,13308.7,1765.6,4,atk
7.82,3712.1,8729.5,1194.5,7,atk
7.82,8526.7,7943.8,1105.6,8,atk
7.82,5154.2,9279.4,1268.9,5,def
7.82,11649.3,13390.4,2154.3,6,def
8.02,3837.1,9735.9,872.3,0,atk
8.02,3871.7,1817.5,944.4,1,atk
8.02,5507.7,4347.9,1297.8,2,atk
8.02,11946.6,13289.5,1802.9,4,atk
8.02,3691.9,8697.0,1217.2,7,atk
8.02,8502.5,7970.4,1126.0,8,atk
8.02,5173.8,9382.3,1293.2,5,def
8.02,11628.2,13238.0,2157.4,6,def
8.22,3808.4,9728.2,886.0,0,atk
8.22,3844.2,1832.8,959.9,1,atk
8.22,5478.3,4375.4,1322.1,2,atk
8.22,11897.4,13270.3,1839.8,4,atk
8.22,3671.8,8664.5,1239.5,7,atk
8.22,8478.3,7997.1,1146.0,8,atk
8.22,5200.0,9507.5,1317.3,5,def
8.22,11624.8,13119.7,2144.8,6,def
8.40,3782.6,9721.4,898.0,0,atk
8.40,3819.5,1846.7,973.5,1,atk
8.40,5451.8,4400.1,1343.6,2,atk
8.40,11853.1,13253.0,1872.6,4,atk
8.40,3653.7,8635.2,1259.2,7,atk
8.40,8456.6,8021.0,1163.7,8,atk
8.40,5230.7,9639.1,1335.5,5,def
8.40,11633.4,13047.0,2124.2,6,def
8.60,3754.0,9713.7,910.9,0,atk
8.60,3792.1,1862.0,988.3,1,atk
8.60,5422.5,4427.7,1367.1,2,atk
8.60,11803.8,13233.9,1908.8,4,atk
8.60,3633.6,8602.7,1280.8,7,atk
8.60,8432.4,8047.7,1182.9,8,atk
8.60,5273.0,9791.1,1340.7,5,def
8.60,11651.1,13002.3,2095.4,6,def
8.60,661.5,8888.8,1.1,9,def
8.80,3725.4,9706.1,923.4,0,atk
8.80,3764.7,1877.4,1002.6,1,atk
8.80,5393.1,4455.2,1390.3,2,atk
8.80,11754.6,13214.7,1944.5,4,atk
8.80,3613.4,8570.2,1301.9,7,atk
8.80,8408.2,8074.3,1201.8,8,atk
8.80,5313.7,9920.5,1334.3,5,def
8.80,11679.5,12979.3,2053.4,6,def
8.80,671.5,8887.8,5.4,9,def
9.00,3696.7,9698.5,935.6,0,atk
9.00,3737.3,1892.7,1016.6,1,atk
9.00,5363.7,4482.7,1413.1,2,atk
9.00,11705.3,13195.5,1979.9,4,atk
9.00,3593.3,8537.7,1322.7,7,atk
9.00,8384.1,8100.9,1220.3,8,atk
9.00,5348.5,10022.4,1323.0,5,def
9.00,11714.7,12981.5,2000.6,6,def
9.00,689.0,8886.0,13.1,9,def
9.20,3668.1,9690.8,947.4,0,atk
9.20,3709.8,1908.1,1030.1,1,atk
9.20,5334.3,4510.2,1435.4,2,atk
9.20,11656.1,13176.3,2014.9,4,atk
9.20,3573.2,8505.1,1343.0,7,atk
9.20,8359.9,8127.6,1238.4,8,atk
9.20,5375.9,10095.4,1309.2,5,def
9.20,11746.9,13012.6,1946.3,6,def
9.20,714.1,8883.3,24.1,9,def
9.40,3639.4,9683.2,958.7,0,atk
9.40,3682.4,1923.5,1043.3,1,atk
9.40,5304.9,4537.7,1457.4,2,atk
9.40,11606.9,13157.1,2049.4,4,atk
9.40,3553.0,8472.6,1363.0,7,atk
9.40,8335.7,8154.2,1256.1,8,atk
9.40,5400.5,10157.6,1294.4,5,def
9.40,11768.5,13044.1,1906.5,6,def
9.40,746.8,8879.5,38.7,9,def
9.60,3610.8,9675.5,969.7,0,atk
9.60,3655.0,1938.8,1056.1,1,atk
9.60,5275.6,4565.2,1479.0,2,atk
9.60,11557.6,13137.9,2083.6,4,atk
9.60,3532.9,8440.1,1382.6,7,atk
9.60,8311.6,8180.8,1273.4,8,atk
9.60,5425.0,10219.7,1279.2,5,def
9.60,11777.6,13057.3,1889.5,6,def
9.60,787.3,8874.6,57.1,9,def
9.80,3582.2,9667.9,980.3,0,atk
9.80,3627.5,1954.2,1068.5,1,atk
9.80,5246.2,4592.7,1500.2,2,atk
9.80,11508.4,13118.7,2117.4,4,atk
9.80,3512.8,8407.6,1401.8,7,atk
9.80,8287.4,8207.5,1290.3,8,atk
9.80,5449.5,10281.9,1263.7,5,def
9.80,11777.9,13057.8,1888.8,6,def
9.80,835.7,8868.5,79.2,9,def
10.00,3553.5,9660.3,990.5,0,atk
10.00,3600.1,1969.6,1080.5,1,atk
10.00,5216.8,4620.3,1521.0,2,atk
10.00,11459.2,13099.5,2150.8,4,atk
10.00,3492.7,8375.1,1420.6,7,atk
10.00,8263.2,8234.1,1306.8,8,atk
10.00,5474.1,10344.0,1247.7,5,def
10.00,11777.9,13057.8,1888.7,6,def
10.00,892.1,8860.9,105.3,9,def
10.20,3524.9,9652.6,1000.3,0,atk
10.20,3572.7,1984.9,1092.1,1,atk
10.20,5187.4,4647.8,1541.4,2,atk
10.20,11409.9,13080.3,2183.8,4,atk
10.20,3472.5,8342.5,1439.0,7,atk
10.20,8239.1,8260.7,1322.9,8,atk
10.20,5498.6,10406.1,1231.4,5,def
10.20,11777.9,13057.8,1888.6,6,def
10.20,956.5,8851.8,135.4,9,def
10.40,3496.2,9645.0,1009.7,0,atk
10.40,3545.3,2000.3,1103.3,1,atk
10.40,5158.0,4675.3,1561.5,2,atk
10.40,11360.7,13061.2,2216.5,4,atk
10.40,3452.4,8310.0,1457.0,7,atk
10.40,8214.9,8287.4,1338.7,8,atk
10.40,5523.1,10468.3,1214.6,5,def
10.40,11777.9,13057.8,1888.5,6,def
10.40,1029.1,8841.0,169.8,9,def
10.60,3467.6,9637.4,1018.8,0,atk
10.60,3517.8,2015.6,1114.1,1,atk
10.60,5128.7,4702.8,1581.1,2,atk
10.60,11311.4,13042.0,2248.7,4,atk
10.60,3432.3,8277.5,1474.6,7,atk
10.60,8190.7,8314.0,1354.0,8,atk
10.60,5547.6,10530.4,1197.5,5,def
10.60,11777.9,13057.8,1888.4,6,def
10.60,1109.9,8828.4,208.6,9,def
10.80,3439.0,9629.7,1027.4,0,atk
10.80,3490.4,2031.0,1124.5,1,atk
10.80,5099.3,4730.3,1600.3,2,atk
10.80,11262.2,13022.8,2280.5,4,atk
10.80,3412.2,8245.0,1491.8,7,atk
10.80,8166.5,8340.6,1369.0,8,atk
10.80,5572.2,10592.6,1180.0,5,def
10.80,11777.9,13057.8,1888.3,6,def
10.80,1199.1,8813.8,252.0,9,def
11.00,3410.3,9622.1,1035.6,0,atk
11.00,3463.0,2046.4,1134.6,1,atk
11.00,5069.9,4757.8,1619.2,2,atk
11.00,11213.0,13003.6,2312.0,4,atk
11.00,3392.0,8212.5,1508.7,7,atk
11.00,8142.4,8367.2,1383.5,8,atk
11.00,5596.7,10654.7,1162.1,5,def
11.00,11777.9,13057.8,1888.2,6,def
11.00,1296.6,8797.0,300.1,9,def
11.20,3381.7,9614.4,1043.5,0,atk
11.20,3435.5,2061.7,1144.2,1,atk
11.20,5040.5,4785.3,1637.6,2,atk
11.20,11163.7,12984.4,2343.0,4,atk
11.20,3371.9,8179.9,1525.1,7,atk
11.20,8118.2,8393.9,1397.7,8,atk
11.20,5621.2,10716.8,1143.8,5,def
11.20,11777.9,13057.8,1888.1,6,def
11.20,1402.7,8777.8,353.2,9,def
11.40,3353.0,9606.8,1050.9,0,atk
11.40,3408.1,2077.1,1153.5,1,atk
11.40,5011.1,4812.9,1655.7,2,atk
11.40,11114.5,12965.2,2373.7,4,atk
11.40,3351.8,8147.4,1541.2,7,atk
11.40,8094.0,8420.5,1411.5,8,atk
11.40,5645.7,10779.0,1125.1,5,def
11.40,11777.9,13057.8,1888.0,6,def
11.40,1517.3,8756.0,411.3,9,def
11.60,3324.4,9599.2,1058.0,0,atk
11.60,3380.7,2092.5,1162.3,1,atk
11.60,4981.8,4840.4,1673.4,2,atk
11.60,11065.3,12946.0,2403.9,4,atk
11.60,3331.7,8114.9,1556.8,7,atk
11.60,8069.8,8447.1,1424.9,8,atk
11.60,5670.3,10841.1,1106.0,5,def
11.60,11777.9,13057.8,1887.9,6,def
11.60,1640.6,8731.2,474.8,9,def
11.80,3295.8,9591.5,1064.6,0,atk
11.80,3353.3,2107.8,1170.8,1,atk
11.80,4952.4,4867.9,1690.6,2,atk
11.80,11016.0,12926.8,2433.8,4,atk
11.80,3311.5,8082.4,1572.1,7,atk
11.80,8045.7,8473.8,1437.9,8,atk
11.80,5694.8,10903.2,1086.5,5,def
11.80,11777.9,13057.8,1887.8,6,def
11.80,1772.5,8703.3,543.9,9,def
12.00,3267.1,9583.9,1070.9,0,atk
12.00,3325.8,2123.2,1178.8,1,atk
12.00,4923.0,4895.4,1707.5,2,atk
12.00,10966.8,12907.6,2463.3,4,atk
12.00,3291.4,8049.9,1587.0,7,atk
12.00,8021.5,8500.4,1450.5,8,atk
12.00,5719.3,10965.4,1066.7,5,def
12.00,11777.9,13057.8,1887.8,6,def
12.00,1913.0,8671.8,618.8,9,def
12.20,3238.5,9576.3,1076.8,0,atk
12.20,3298.4,2138.5,1186.5,1,atk
12.20,4893.6,4922.9,1724.0,2,atk
12.20,10917.5,12888.5,2492.4,4,atk
12.20,3271.3,8017.4,1601.5,7,atk
12.20,7997.3,8527.0,1462.7,8,atk
12.20,5743.8,11027.5,1046.4,5,def
12.20,11777.9,13057.8,1887.7,6,def
12.20,2062.2,8636.3,699.8,9,def
12.40,3209.8,9568.6,1082.3,0,atk
12.40,3271.0,2153.9,1193.8,1,atk
12.40,4864.2,4950.4,1740.1,2,atk
12.40,10868.3,12869.3,2521.1,4,atk
12.40,3251.1,7984.9,1615.6,7,atk
12.40,7973.1,8553.7,1474.5,8,atk
12.40,5768.4,11089.7,1025.7,5,def
12.40,11777.9,13057.8,1887.5,6,def
12.40,2219.9,8596.5,787.2,9,def
12.60,3181.2,9561.0,1087.4,0,atk
12.60,3243.5,2169.3,1200.7,1,atk
12.60,4834.9,4977.9,1755.8,2,atk
12.60,10819.1,12850.1,2549.4,4,atk
12.60,3231.0,7952.3,1629.2,7,atk
12.60,7949.0,8580.3,1485.9,8,atk
12.60,5792.9,11151.8,1004.7,5,def
12.60,11777.9,13057.8,1887.5,6,def
12.60,2385.9,8551.6,881.3,9,def
12.80,3152.6,9553.4,1092.1,0,atk
12.80,3216.1,2184.6,1207.2,1,atk
12.80,4805.5,5005.5,1771.1,2,atk
12.80,10769.8,12830.9,2577.3,4,atk
12.80,3210.9,7919.8,1642.6,7,atk
12.80,7924.8,8606.9,1496.9,8,atk
12.80,5817.4,11213.9,983.2,5,def
12.80,11777.9,13057.8,1887.4,6,def
12.80,2559.8,8501.0,982.5,9,def
13.00,3123.9,9545.7,1096.4,0,atk
13.00,3188.7,2200.0,1213.3,1,atk
13.00,4776.1,5033.0,1786.0,2,atk
13.00,10720.6,12811.7,2604.8,4,atk
13.00,3190.8,7887.3,1655.5,7,atk
13.00,7900.6,8633.6,1507.6,8,atk
13.00,576.6,3662.9,0.2,1,def
13.00,5841.9,11276.1,961.4,5,def
13.00,11777.9,13057.8,1887.2,6,def
13.00,2741.1,8443.6,1091.3,9,def
13.20,3095.3,9538.1,1100.3,0,atk
13.20,3161.2,2215.3,1219.0,1,atk
13.20,4746.7,5060.5,1800.6,2,atk
13.20,10671.3,12792.5,2631.9,4,atk
13.20,3170.6,7854.8,1668.0,7,atk
13.20,7876.4,8660.2,1517.8,8,atk
13.20,582.1,3659.8,2.8,1,def
13.20,5866.5,11338.2,939.2,5,def
13.20,11777.9,13057.8,1887.2,6,def
13.20,2928.4,8378.5,1207.9,9,def
13.40,3066.6,9530.4,1103.8,0,atk
13.40,3133.8,2230.7,1224.4,1,atk
13.40,4717.3,5088.0,1814.7,2,atk
13.40,10622.1,12773.3,2658.6,4,atk
13.40,3150.5,7822.3,1680.1,7,atk
13.40,7852.3,8686.8,1527.7,8,atk
13.40,594.3,3653.0,8.5,1,def
13.40,5891.0,11400.4,916.6,5,def
13.40,11777.9,13057.8,1887.1,6,def
13.40,3119.8,8304.0,1332.6,9,def
13.60,3038.0,9522.8,1107.0,0,atk
13.60,3106.4,2246.1,1229.3,1,atk
13.60,4688.0,5115.5,1828.5,2,atk
13.60,10572.9,12754.1,2685.0,4,atk
13.60,3130.4,7789.8,1691.8,7,atk
13.60,7828.1,8713.4,1537.1,8,atk
13.60,613.1,3642.5,17.4,1,def
13.60,5915.5,11462.5,893.6,5,def
13.60,11777.9,13057.8,1887.0,6,def
13.60,3311.7,8218.6,1465.0,9,def
13.80,3009.4,9515.2,1109.7,0,atk
13.80,3079.0,2261.4,1233.8,1,atk
13.80,4658.6,5143.0,1841.8,2,atk
13.80,10523.6,12734.9,2710.9,4,atk
13.80,3110.3,7757.2,1703.2,7,atk
13.80,7803.9,8740.1,1546.2,8,atk
13.80,638.7,3628.1,29.6,1,def
13.80,5940.1,11524.6,870.1,5,def
13.80,11777.9,13057.8,1886.9,6,def
13.80,3497.3,8122.8,1602.2,9,def
14.00,2980.7,9507.5,1112.0,0,atk
14.00,3051.5,2276.8,1238.0,1,atk
14.00,4629.2,5170.5,1854.8,2,atk
14.00,10474.4,12715.7,2736.5,4,atk
14.00,3090.1,7724.7,1714.1,7,atk
14.00,7779.7,8766.7,1554.9,8,atk
14.00,671.2,3609.9,45.2,1,def
14.00,5964.6,11586.8,846.4,5,def
14.00,11777.9,13057.8,1886.8,6,def
14.00,3654.8,8027.9,1728.0,9,def
14.20,2952.1,9499.9,1114.0,0,atk
14.20,3024.1,2292.2,1241.7,1,atk
14.20,4599.8,5198.1,1867.3,2,atk
14.20,10425.2,12696.6,2761.6,4,atk
14.20,3070.0,7692.2,1724.7,7,atk
14.20,7755.6,8793.3,1563.2,8,atk
14.20,710.7,3587.8,64.4,1,def
14.20,5989.1,11648.9,822.2,5,def
14.20,11777.9,13057.8,1886.7,6,def
14.20,3777.8,7940.4,1835.2,9,def
14.40,2923.4,9492.3,1115.6,0,atk
14.40,2996.7,2307.5,1245.1,1,atk
14.40,4570.4,5225.6,1879.5,2,atk
14.40,10375.9,12677.4,2786.4,4,atk
14.40,3049.9,7659.7,1734.9,7,atk
14.40,7731.4,8820.0,1571.0,8,atk
14.40,757.3,3561.7,87.2,1,def
14.40,6013.6,11711.0,797.6,5,def
14.40,11777.9,13057.8,1886.6,6,def
14.40,3866.4,7863.8,1921.6,9,def
14.60,2894.8,9484.6,1116.7,0,atk
14.60,2969.2,2322.9,1248.1,1,atk
14.60,4541.1,5253.1,1891.3,2,atk
14.60,10326.7,12658.2,2810.8,4,atk
14.60,3029.7,7627.2,1744.6,7,atk
14.60,7707.2,8846.6,1578.5,8,atk
14.60,811.1,3531.6,113.7,1,def
14.60,6038.2,11773.2,772.6,5,def
14.60,11777.9,13057.8,1886.5,6,def
14.60,3922.3,7801.5,1985.5,9,def
14.80,2866.2,9477.0,1117.5,0,atk
14.80,2941.8,2338.2,1250.6,1,atk
14.80,4511.7,5280.6,1902.7,2,atk
14.80,10277.4,12639.0,2834.8,4,atk
14.80,3009.6,7594.7,1754.0,7,atk
14.80,7683.0,8873.2,1585.6,8,atk
14.80,872.2,3497.3,144.1,1,def
14.80,6062.7,11835.3,747.2,5,def
14.80,11777.9,13057.8,1886.4,6,def
14.80,3948.2,7756.6,2025.8,9,def
15.00,2837.5,9469.3,1117.9,0,atk
15.00,2914.4,2353.6,1252.8,1,atk
15.00,4482.3,5308.1,1913.7,2,atk
15.00,10228.2,12619.8,2858.4,4,atk
15.00,2989.5,7562.2,1763.0,7,atk
15.00,7658.9,8899.9,1592.4,8,atk
15.00,940.8,3458.9,178.5,1,def
15.00,6087.2,11897.5,721.5,5,def
15.00,11777.9,13057.8,1886.3,6,def
15.00,3950.9,7730.3,2044.3,9,def
15.20,2808.9,9461.7,1117.9,0,atk
15.20,2887.0,2369.0,1254.6,1,atk
15.20,4452.9,5335.6,1924.3,2,atk
15.20,10179.0,12600.6,2881.6,4,atk
15.20,2969.4,7529.6,1771.6,7,atk
15.20,7634.7,8926.5,1598.7,8,atk
15.20,1017.0,3416.3,217.0,1,def
15.20,6111.7,11959.6,695.3,5,def
15.20,11777.9,13057.8,1886.2,6,def
15.20,3936.7,7705.0,2055.3,9,def
15.40,2780.2,9454.1,1117.5,0,atk
15.40,2859.5,2384.3,1256.0,1,atk
15.40,4423.5,5363.1,1934.5,2,atk
15.40,10129.7,12581.4,2904.4,4,atk
15.40,2949.2,7497.1,1779.8,7,atk
15.40,7610.5,8953.1,1604.6,8,atk
15.40,1100.9,3369.3,259.8,1,def
15.40,6136.3,12021.7,668.8,5,def
15.40,11777.9,13057.8,1886.1,6,def
15.40,3905.7,7676.4,2061.4,9,def
15.60,2751.6,9446.4,1116.7,0,atk
15.60,2832.1,2399.7,1257.0,1,atk
15.60,4394.2,5390.7,1944.3,2,atk
15.60,10080.5,12562.2,2926.8,4,atk
15.60,2929.1,7464.6,1787.6,7,atk
15.60,7586.3,8979.8,1610.1,8,atk
15.60,1192.6,3317.9,307.1,1,def
15.60,6160.8,12083.9,641.9,5,def
15.60,11777.9,13057.8,1886.0,6,def
15.60,3857.2,7644.6,2062.4,9,def
15.80,2723.0,9438.8,1115.5,0,atk
15.80,2804.7,2415.0,1257.7,1,atk
15.80,4364.8,5418.2,1953.7,2,atk
15.80,10031.2,12543.0,2948.8,4,atk
15.80,2909.0,7432.1,1795.0,7,atk
15.80,7562.2,9006.4,1615.3,8,atk
15.80,1292.2,3262.1,358.9,1,def
15.80,6185.3,12146.0,614.5,5,def
15.80,11777.9,13057.8,1885.9,6,def
15.80,3790.5,7609.0,2058.1,9,def
16.00,2694.3,9431.2,1113.9,0,atk
16.00,2777.2,2430.4,1257.9,1,atk
16.00,4335.4,5445.7,1962.8,2,atk
16.00,9982.0,12523.9,2970.5,4,atk
16.00,2888.9,7399.6,1802.1,7,atk
16.00,7538.0,9033.0,1620.0,8,atk
16.00,1400.0,3201.8,415.6,1,def
16.00,6209.8,12208.2,586.8,5,def
16.00,11777.9,13057.8,1885.8,6,def
16.00,3705.1,7569.6,2048.2,9,def
16.20,2665.7,9423.5,1112.0,0,atk
16.20,2749.8,2445.8,1257.7,1,atk
16.20,4306.0,5473.2,1971.4,2,atk
16.20,9932.8,12504.7,2991.7,4,atk
16.20,2868.7,7367.1,1808.7,7,atk
16.20,7513.8,9059.6,1624.4,8,atk
16.20,1515.9,3136.9,477.4,1,def
16.20,6234.4,12270.3,558.7,5,def
16.20,11777.9,13057.8,1885.7,6,def
16.20,3600.1,7526.0,2032.5,9,def
16.40,2637.0,9415.9,1109.6,0,atk
16.40,2722.4,2461.1,1257.1,1,atk
16.40,4276.6,5500.7,1979.7,2,atk
16.40,9883.5,12485.5,3012.5,4,atk
16.40,2848.6,7334.6,1814.9,7,atk
16.40,7489.6,9086.3,1628.4,8,atk
16.40,1640.1,3067.3,544.4,1,def
16.40,6258.9,12332.4,530.2,5,def
16.40,11777.9,13057.8,1885.6,6,def
16.40,3474.6,7477.8,2010.6,9,def
16.60,2608.4,9408.3,1106.9,0,atk
16.60,2695.0,2476.5,1256.2,1,atk
16.60,4247.3,5528.2,1987.5,2,atk
16.60,9834.3,12466.3,3033.0,4,atk
16.60,2828.5,7302.0,1820.8,7,atk
16.60,7465.5,9112.9,1631.9,8,atk
16.60,1772.8,2993.0,617.0,1,def
16.60,6283.4,12394.6,501.3,5,def
16.60,11777.9,13057.8,1885.5,6,def
16.60,3328.0,7424.5,1982.1,9,def
16.80,2579.8,9400.6,1103.7,0,atk
16.80,2667.5,2491.9,1254.8,1,atk
16.80,4217.9,5555.8,1995.0,2,atk
16.80,9785.1,12447.1,3053.1,4,atk
16.80,2808.4,7269.5,1826.2,7,atk
16.80,7441.3,9139.5,1635.1,8,atk
16.80,1913.9,2913.9,695.5,1,def
16.80,6307.9,12456.7,472.0,5,def
16.80,11777.9,13057.8,1885.4,6,def
16.80,3159.2,7365.5,1946.6,9,def
17.00,2551.1,9393.0,1100.2,0,atk
17.00,2640.1,2507.2,1253.1,1,atk
17.00,4188.5,5583.3,2002.1,2,atk
17.00,9735.8,12427.9,3072.7,4,atk
17.00,2788.2,7237.0,1831.3,7,atk
17.00,7417.1,9166.2,1637.9,8,atk
17.00,2063.6,2830.1,780.4,1,def
17.00,6332.5,12518.8,442.3,5,def
17.00,11777.9,13057.8,1885.3,6,def
17.00,2967.4,7299.8,1903.3,9,def
17.20,2522.5,9385.3,1096.3,0,atk
17.20,2612.7,2522.6,1251.0,1,atk
17.20,4159.1,5610.8,2008.7,2,atk
17.20,9686.6,12408.7,3092.0,4,atk
17.20,7393.0,9192.8,1640.3,8,atk
17.20,2221.7,2741.6,872.4,1,def
17.20,6357.0,12581.0,412.3,5,def
17.20,11777.9,13057.8,1885.2,6,def
17.40,2493.8,9377.7,1091.9,0,atk
17.40,2585.2,2537.9,1248.5,1,atk
17.40,4129.7,5638.3,2015.0,2,atk
17.40,9637.3,12389.5,3110.9,4,atk
17.40,7368.8,9219.4,1642.3,8,atk
17.40,2387.9,2648.5,972.4,1,def
17.40,6381.5,12643.1,381.8,5,def
17.40,11777.9,13057.8,1885.1,6,def
17.60,2465.2,9370.1,1087.2,0,atk
17.60,2557.8,2553.3,1245.5,1,atk
17.60,4100.4,5665.8,2020.9,2,atk
17.60,9588.1,12370.3,3129.4,4,atk
17.60,7344.6,9246.1,1643.9,8,atk
17.60,2560.5,2551.8,1082.4,1,def
17.60,6406.1,12705.3,350.9,5,def
17.60,11777.9,13057.8,1885.0,6,def
17.80,2436.6,9362.4,1082.1,0,atk
17.80,2530.4,2568.7,1242.2,1,atk
17.80,4071.0,5693.3,2026.4,2,atk
17.80,9538.9,12351.1,3147.5,4,atk
17.80,7320.4,9272.7,1645.1,8,atk
17.80,2725.0,2459.6,1198.7,1,def
17.80,6430.6,12767.4,319.7,5,def
17.80,11777.9,13057.8,1884.9,6,def
18.00,2407.9,9354.8,1076.6,0,atk
18.00,2502.9,2584.0,1238.5,1,atk
18.00,4041.6,5720.8,2031.5,2,atk
18.00,9489.6,12332.0,3165.2,4,atk
18.00,7296.3,9299.3,1646.0,8,atk
18.00,2856.4,2386.1,1301.3,1,def
18.00,6455.1,12829.5,288.0,5,def
18.00,11777.9,13057.8,1884.8,6,def
18.20,2379.3,9347.2,1070.7,0,atk
18.20,2475.5,2599.4,1234.4,1,atk
18.20,4012.2,5748.4,2036.3,2,atk
18.20,9440.4,12312.8,3182.5,4,atk
18.20,7272.1,9326.0,1646.4,8,atk
18.20,2953.3,2331.8,1383.5,1,def
18.20,6479.6,12891.7,256.0,5,def
18.20,11777.9,13057.8,1884.7,6,def
18.40,2350.6,9339.5,1064.4,0,atk
18.40,2448.1,2614.7,1230.0,1,atk
18.40,3982.8,5775.9,2040.6,2,atk
18.40,9391.1,12293.6,3199.4,4,atk
18.40,7247.9,9352.6,1646.4,8,atk
18.40,3016.3,2296.5,1442.4,1,def
18.40,6504.2,12953.8,223.6,5,def
18.40,11777.9,13057.8,1884.6,6,def
18.60,2322.0,9331.9,1057.8,0,atk
18.60,2420.7,2630.1,1225.1,1,atk
18.60,3953.5,5803.4,2044.5,2,atk
18.60,9341.9,12274.4,3216.0,4,atk
18.60,7223.7,9379.2,1646.1,8,atk
18.60,3046.6,2279.5,1475.5,1,def
18.60,6528.7,13016.0,190.7,5,def
18.60,11777.9,13057.8,1884.5,6,def
18.80,2293.4,9324.3,1050.7,0,atk
18.80,2393.2,2645.5,1219.8,1,atk
18.80,3924.1,5830.9,2048.1,2,atk
18.80,9292.7,12255.2,3232.1,4,atk
18.80,7199.6,9405.8,1645.3,8,atk
18.80,3049.2,2278.1,1481.5,1,def
18.80,6553.2,13078.1,157.5,5,def
18.80,11777.9,13057.8,1884.4,6,def
19.00,2264.7,9316.6,1043.2,0,atk
19.00,2365.8,2660.8,1214.1,1,atk
19.00,3894.7,5858.4,2051.2,2,atk
19.00,9243.4,12236.0,3247.8,4,atk
19.00,7175.4,9432.5,1644.2,8,atk
19.00,3037.4,2284.7,1478.2,1,def
19.00,6577.7,13140.2,123.9,5,def
19.00,11777.9,13057.8,1884.3,6,def
19.20,2236.1,9309.0,1035.4,0,atk
19.20,2338.4,2676.2,1208.1,1,atk
19.20,3865.3,5885.9,2054.0,2,atk
19.20,9194.2,12216.8,3263.2,4,atk
19.20,7151.2,9459.1,1642.7,8,atk
19.20,3012.6,2298.6,1469.8,1,def
19.20,6602.3,13202.4,89.9,5,def
19.20,11777.9,13057.8,1884.2,6,def
19.40,2207.4,9301.3,1027.1,0,atk
19.40,2310.9,2691.5,1201.6,1,atk
19.40,3836.0,5913.4,2056.3,2,atk
19.40,9145.0,12197.6,3278.1,4,atk
19.40,7127.0,9485.7,1640.8,8,atk
19.40,2974.3,2320.1,1456.1,1,def
19.40,6626.8,13264.5,55.5,5,def
19.40,11777.9,13057.8,1884.1,6,def
19.60,2178.8,9293.7,1018.5,0,atk
19.60,2283.5,2706.9,1194.8,1,atk
19.60,3806.6,5941.0,2058.3,2,atk
19.60,9095.7,12178.4,3292.7,4,atk
19.60,7102.9,9512.4,1638.4,8,atk
19.60,2921.9,2349.4,1437.1,1,def
19.60,6651.3,13326.7,20.8,5,def
19.60,11777.9,13057.8,1884.0,6,def
19.80,2150.2,9286.1,1009.5,0,atk
19.80,2256.1,2722.3,1187.6,1,atk
19.80,3777.2,5968.5,2059.9,2,atk
19.80,9046.5,12159.3,3306.9,4,atk
19.80,7078.7,9539.0,1635.7,8,atk
19.80,2855.1,2386.8,1412.5,1,def
19.80,11777.9,13057.8,1883.9,6,def
20.00,2121.5,9278.4,1000.0,0,atk
20.00,2228.7,2737.6,1179.9,1,atk
20.00,3747.8,5996.0,2061.1,2,atk
20.00,8997.2,12140.1,3320.7,4,atk
20.00,7054.5,9565.6,1632.6,8,atk
20.00,2773.2,2432.7,1382.4,1,def
20.00,11777.9,13057.8,1883.8,6,def
20.20,2092.9,9270.8,990.2,0,atk
20.20,2201.2,2753.0,1171.9,1,atk
20.20,3718.4,6023.5,2061.9,2,atk
20.20,8948.0,12120.9,3334.1,4,atk
20.20,7030.3,9592.3,1629.2,8,atk
20.20,2675.7,2487.3,1346.4,1,def
20.20,11777.9,13057.8,1883.7,6,def
20.40,2064.2,9263.2,980.0,0,atk
20.40,2173.8,2768.4,1163.5,1,atk
20.40,3689.1,6051.0,2062.3,2,atk
20.40,8898.8,12101.7,3347.1,4,atk
20.40,7006.2,9618.9,1625.3,8,atk
20.40,2561.8,2551.1,1304.5,1,def
20.40,11777.9,13057.8,1883.6,6,def
20.60,2035.6,9255.5,969.4,0,atk
20.60,2146.4,2783.7,1154.7,1,atk
20.60,3659.7,6078.5,2062.3,2,atk
20.60,8849.5,12082.5,3359.7,4,atk
20.60,6982.0,9645.5,1621.0,8,atk
20.60,2430.9,2624.3,1256.4,1,def
20.60,11777.9,13057.8,1883.5,6,def
20.80,2007.0,9247.9,958.4,0,atk
20.80,2118.9,2799.1,1145.5,1,atk
20.80,3630.3,6106.0,2061.9,2,atk
20.80,8800.3,12063.3,3371.9,4,atk
20.80,6957.8,9672.2,1616.3,8,atk
20.80,2282.3,2707.6,1201.9,1,def
20.80,11777.9,13057.8,1883.4,6,def
21.00,1978.3,9240.2,947.0,0,atk
21.00,3600.9,6133.6,2061.1,2,atk
21.00,8751.1,12044.1,3383.7,4,atk
21.00,6933.6,9698.8,1611.3,8,atk
21.00,11777.9,13057.8,1883.3,6,def
21.20,1949.7,9232.6,935.3,0,atk
21.20,3571.6,6161.1,2059.9,2,atk
21.20,8701.8,12024.9,3395.1,4,atk
21.20,6909.5,9725.4,1605.8,8,atk
21.20,11777.9,13057.8,1883.2,6,def
21.40,1921.0,9225.0,923.1,0,atk
21.40,3542.2,6188.6,2058.4,2,atk
21.40,8652.6,12005.7,3406.2,4,atk
21.40,6885.3,9752.1,1600.0,8,atk
21.40,11777.9,13057.8,1883.1,6,def
21.60,1892.4,9217.3,910.5,0,atk
21.60,3512.8,6216.1,2056.4,2,atk
21.60,8603.3,11986.5,3416.8,4,atk
21.60,6861.1,9778.7,1593.7,8,atk
21.60,11777.9,13057.8,1883.0,6,def
21.80,1863.8,9209.7,897.6,0,atk
21.80,3483.4,6243.6,2054.1,2,atk
21.80,8554.1,11967.4,3427.1,4,atk
21.80,6836.9,9805.3,1587.1,8,atk
21.80,11777.9,13057.8,1882.9,6,def
22.00,1835.1,9202.1,884.2,0,atk
22.00,3454.1,6271.1,2051.4,2,atk
22.00,8504.9,11948.2,3436.9,4,atk
22.00,6812.8,9831.9,1580.1,8,atk
22.00,11777.9,13057.8,1882.8,6,def
22.20,1806.5,9194.4,870.5,0,atk
22.20,3424.7,6298.6,2048.2,2,atk
22.20,8455.6,11929.0,3446.4,4,atk
22.20,6788.6,9858.6,1572.7,8,atk
22.20,11777.9,13057.8,1882.8,6,def
22.40,1777.8,9186.8,856.3,0,atk
22.40,3395.3,6326.2,2044.7,2,atk
22.40,8406.4,11909.8,3455.5,4,atk
22.40,6764.4,9885.2,1564.9,8,atk
22.40,11777.9,13057.8,1882.7,6,def
22.60,1749.2,9179.2,841.8,0,atk
22.60,3365.9,6353.7,2040.8,2,atk
22.60,8357.1,11890.6,3464.1,4,atk
22.60,6740.2,9911.8,1556.7,8,atk
22.60,11777.9,13057.8,1882.5,6,def
22.80,1720.6,9171.5,826.9,0,atk
22.80,3336.5,6381.2,2036.5,2,atk
22.80,8307.9,11871.4,3472.4,4,atk
22.80,6716.1,9938.5,1548.1,8,atk
22.80,11777.9,13057.8,1882.5,6,def
23.00,1691.9,9163.9,811.6,0,atk
23.00,3307.2,6408.7,2031.8,2,atk
23.00,8258.7,11852.2,3480.3,4,atk
23.00,6691.9,9965.1,1539.1,8,atk
23.00,11777.9,13057.8,1882.4,6,def
23.20,1663.3,9156.2,795.9,0,atk
23.20,3277.8,6436.2,2026.7,2,atk
23.20,8209.4,11833.0,3487.8,4,atk
23.20,6667.7,9991.7,1529.7,8,atk
23.20,11777.9,13057.8,1882.2,6,def
23.40,1634.6,9148.6,779.8,0,atk
23.40,3248.4,6463.7,2021.2,2,atk
23.40,8160.2,11813.8,3495.0,4,atk
23.40,6643.5,10018.4,1520.0,8,atk
23.40,11777.9,13057.8,1882.2,6,def
23.60,1606.0,9141.0,763.3,0,atk
23.60,3219.0,6491.3,2015.3,2,atk
23.60,8111.0,11794.7,3501.7,4,atk
23.60,6619.4,10045.0,1509.8,8,atk
23.60,11777.9,13057.8,1882.1,6,def
23.80,1577.4,9133.3,746.4,0,atk
23.80,3189.7,6518.8,2009.1,2,atk
23.80,8061.7,11775.5,3508.0,4,atk
23.80,6595.2,10071.6,1499.2,8,atk
23.80,11777.9,13057.8,1882.0,6,def
24.00,1548.7,9125.7,729.2,0,atk
24.00,3160.3,6546.3,2002.4,2,atk
24.00,8012.5,11756.3,3513.9,4,atk
24.00,6571.0,10098.3,1488.3,8,atk
24.00,11777.9,13057.8,1881.9,6,def
24.20,1520.1,9118.1,711.5,0,atk
24.20,3130.9,6573.8,1995.3,2,atk
24.20,7963.2,11737.1,3519.5,4,atk
24.20,6546.8,10124.9,1477.0,8,atk
24.20,11777.9,13057.8,1881.8,6,def
24.40,1491.4,9110.4,693.4,0,atk
24.40,3101.5,6601.3,1987.9,2,atk
24.40,7914.0,11717.9,3524.6,4,atk
24.40,6522.7,10151.5,1465.2,8,atk
24.40,11777.9,13057.8,1881.7,6,def
24.60,1462.8,9102.8,675.0,0,atk
24.60,3072.1,6628.8,1980.1,2,atk
24.60,7864.8,11698.7,3529.4,4,atk
24.60,6498.5,10178.1,1453.1,8,atk
24.60,11777.9,13057.8,1881.6,6,def
24.80,1434.2,9095.1,656.1,0,atk
24.80,3042.8,6656.3,1971.8,2,atk
24.80,7815.5,11679.5,3533.8,4,atk
24.80,6474.3,10204.8,1440.6,8,atk
24.80,11777.9,13057.8,1881.5,6,def
25.00,1405.5,9087.5,636.9,0,atk
25.00,3013.4,6683.9,1963.2,2,atk
25.00,7766.3,11660.3,3537.7,4,atk
25.00,6450.1,10231.4,1427.7,8,atk
25.00,11777.9,13057.8,1881.4,6,def
25.20,1376.9,9079.9,617.3,0,atk
25.20,2984.0,6711.4,1954.2,2,atk
25.20,7717.0,11641.1,3541.3,4,atk
25.20,6426.0,10258.0,1414.4,8,atk
25.20,11777.9,13057.8,1881.3,6,def
25.40,1348.2,9072.2,597.3,0,atk
25.40,2954.6,6738.9,1944.8,2,atk
25.40,7667.8,11621.9,3544.5,4,atk
25.40,6401.8,10284.7,1400.7,8,atk
25.40,11777.9,13057.8,1881.2,6,def
25.60,1319.6,9064.6,576.9,0,atk
25.60,2925.3,6766.4,1935.0,2,atk
25.60,7618.6,11602.8,3547.3,4,atk
25.60,6377.6,10311.3,1386.6,8,atk
25.60,11777.9,13057.8,1881.1,6,def
25.80,1291.0,9057.0,556.1,0,atk
25.80,2895.9,6793.9,1924.8,2,atk
25.80,7569.3,11583.6,3549.7,4,atk
25.80,6353.4,10337.9,1372.1,8,atk
25.80,11777.9,13057.8,1881.0,6,def
26.00,1262.3,9049.3,534.9,0,atk
26.00,2866.5,6821.4,1914.2,2,atk
26.00,7520.1,11564.4,3551.7,4,atk
26.00,6329.3,10364.6,1357.3,8,atk
26.00,11777.9,13057.8,1880.9,6,def
26.20,1233.7,9041.7,513.3,0,atk
26.20,2837.1,6848.9,1903.2,2,atk
26.20,7470.9,11545.2,3553.3,4,atk
26.20,6305.1,10391.2,1342.0,8,atk
26.20,11777.9,13057.8,1880.8,6,def
26.40,1205.0,9034.1,491.3,0,atk
26.40,2807.7,6876.5,1891.9,2,atk
26.40,7421.6,11526.0,3554.5,4,atk
26.40,6280.9,10417.8,1326.3,8,atk
26.40,11777.9,13057.8,1880.7,6,def
26.60,1176.4,9026.4,468.9,0,atk
26.60,2778.4,6904.0,1880.1,2,atk
26.60,7372.4,11506.8,3555.4,4,atk
26.60,6256.7,10444.5,1310.3,8,atk
26.60,11777.9,13057.8,1880.6,6,def
26.80,1147.8,9018.8,446.2,0,atk
26.80,2749.0,6931.5,1867.9,2,atk
26.80,7323.1,11487.6,3555.8,4,atk
26.80,6232.6,10471.1,1293.9,8,atk
26.80,11777.9,13057.8,1880.5,6,def
27.00,1119.1,9011.1,423.0,0,atk
27.00,2719.6,6959.0,1855.4,2,atk
27.00,7273.9,11468.4,3555.9,4,atk
27.00,6208.4,10497.7,1277.0,8,atk
27.00,11777.9,13057.8,1880.4,6,def
27.20,1090.5,9003.5,399.5,0,atk
27.20,2690.2,6986.5,1842.5,2,atk
27.20,7224.7,11449.2,3555.5,4,atk
27.20,6184.2,10524.3,1259.8,8,atk
27.20,11777.9,13057.8,1880.3,6,def
27.40,1061.8,8995.9,375.5,0,atk
27.40,2660.9,7014.0,1829.1,2,atk
27.40,7175.4,11430.1,3554.8,4,atk
27.40,6160.0,10551.0,1242.2,8,atk
27.40,11777.9,13057.8,1880.2,6,def
27.60,1033.2,8988.2,351.2,0,atk
27.60,2631.5,7041.5,1815.4,2,atk
27.60,7126.2,11410.9,3553.7,4,atk
27.60,6135.9,10577.6,1224.2,8,atk
27.60,11777.9,13057.8,1880.1,6,def
27.80,1004.6,8980.6,326.4,0,atk
27.80,2602.1,7069.1,1801.3,2,atk
27.80,7077.0,11391.7,3552.1,4,atk
27.80,6111.7,10604.2,1205.8,8,atk
27.80,11777.9,13057.8,1880.0,6,def
28.00,975.9,8973.0,301.3,0,atk
28.00,2572.7,7096.6,1786.8,2,atk
28.00,7027.7,11372.5,3550.2,4,atk
28.00,6087.5,10630.9,1187.0,8,atk
28.00,11777.9,13057.8,1879.9,6,def
28.20,947.3,8965.3,275.8,0,atk
28.20,2543.4,7124.1,1771.9,2,atk
28.20,6978.5,11353.3,3547.9,4,atk
28.20,6063.3,10657.5,1167.8,8,atk
28.20,11777.9,13057.8,1879.8,6,def
28.40,918.6,8957.7,249.9,0,atk
28.40,2514.0,7151.6,1756.6,2,atk
28.40,6929.2,11334.1,3545.2,4,atk
28.40,6039.2,10684.1,1148.2,8,atk
28.40,11777.9,13057.8,1879.7,6,def
28.60,890.0,8950.1,223.6,0,atk
28.60,2484.6,7179.1,1740.9,2,atk
28.60,6880.0,11314.9,3542.1,4,atk
28.60,6015.0,10710.8,1128.3,8,atk
28.60,11777.9,13057.8,1879.6,6,def
28.80,861.4,8942.4,196.9,0,atk
28.80,2455.2,7206.6,1724.8,2,atk
28.80,6830.8,11295.7,3538.7,4,atk
28.80,5990.8,10737.4,1107.9,8,atk
28.80,11777.9,13057.8,1879.5,6,def
29.00,832.7,8934.8,169.8,0,atk
29.00,2425.8,7234.1,1708.3,2,atk
29.00,6781.5,11276.5,3534.8,4,atk
29.00,5966.6,10764.0,1087.1,8,atk
29.00,11777.9,13057.8,1879.4,6,def
29.20,804.1,8927.1,142.4,0,atk
29.20,2396.5,7261.7,1691.5,2,atk
29.20,6732.3,11257.3,3530.5,4,atk
29.20,5942.5,10790.7,1066.0,8,atk
29.20,11777.9,13057.8,1879.3,6,def
29.40,775.4,8919.5,114.5,0,atk
29.40,2367.1,7289.2,1674.2,2,atk
29.40,6683.0,11238.2,3525.9,4,atk
29.40,5918.3,10817.3,1044.4,8,atk
29.40,11777.9,13057.8,1879.2,6,def
29.60,746.8,8911.9,86.2,0,atk
29.60,2337.7,7316.7,1656.6,2,atk
29.60,6633.8,11219.0,3520.8,4,atk
29.60,5894.1,10843.9,1022.5,8,atk
29.60,11777.9,13057.8,1879.1,6,def
29.80,718.2,8904.2,57.6,0,atk
29.80,2308.3,7344.2,1638.5,2,atk
29.80,6584.6,11199.8,3515.4,4,atk
29.80,5869.9,10870.5,1000.2,8,atk
29.80,11777.9,13057.8,1879.0,6,def
30.00,689.5,8896.6,28.6,0,atk
30.00,2279.0,7371.7,1620.1,2,atk
30.00,6535.3,11180.6,3509.5,4,atk
30.00,5845.8,10897.2,977.5,8,atk
30.00,11777.9,13057.8,1878.9,6,def
30.20,2249.6,7399.2,1601.3,2,atk
30.20,6486.1,11161.4,3503.3,4,atk
30.20,5821.6,10923.8,954.4,8,atk
30.20,11777.9,13057.8,1878.8,6,def
30.40,2220.2,7426.7,1582.1,2,atk
30.40,6436.9,11142.2,3496.7,4,atk
30.40,5797.4,10950.4,930.9,8,atk
30.40,11777.9,13057.8,1878.7,6,def
30.60,2190.8,7454.3,1562.4,2,atk
30.60,6387.6,11123.0,3489.7,4,atk
30.60,5773.2,10977.1,907.0,8,atk
30.60,11777.9,13057.8,1878.6,6,def
30.80,2161.4,7481.8,1542.4,2,atk
30.80,6338.4,11103.8,3482.3,4,atk
30.80,5749.1,11003.7,882.7,8,atk
30.80,11777.9,13057.8,1878.5,6,def
31.00,2132.1,7509.3,1522.0,2,atk
31.00,6289.1,11084.6,3474.5,4,atk
31.00,5724.9,11030.3,858.0,8,atk
31.00,11777.9,13057.8,1878.4,6,def
31.20,2102.7,7536.8,1501.3,2,atk
31.20,6239.9,11065.5,3466.3,4,atk
31.20,5700.7,11057.0,832.9,8,atk
31.20,11777.9,13057.8,1878.3,6,def
31.40,2073.3,7564.3,1480.1,2,atk
31.40,6190.7,11046.3,3457.7,4,atk
31.40,5676.5,11083.6,807.5,8,atk
31.40,11777.9,13057.8,1878.2,6,def
31.60,2043.9,7591.8,1458.5,2,atk
31.60,6141.4,11027.1,3448.7,4,atk
31.60,5652.4,11110.2,781.6,8,atk
31.60,11777.9,13057.8,1878.1,6,def
31.80,2014.6,7619.4,1436.5,2,atk
31.80,6092.2,11007.9,3439.3,4,atk
31.80,5628.2,11136.9,755.4,8,atk
31.80,11777.9,13057.8,1878.0,6,def
32.00,1985.2,7646.9,1414.2,2,atk
32.00,6042.9,10988.7,3429.6,4,atk
32.00,5604.0,11163.5,728.7,8,atk
32.00,11777.9,13057.8,1877.9,6,def
32.20,1955.8,7674.4,1391.4,2,atk
32.20,5993.7,10969.5,3419.4,4,atk
32.20,5579.8,11190.1,701.7,8,atk
32.20,11777.9,13057.8,1877.8,6,def
32.40,1926.4,7701.9,1368.3,2,atk
32.40,5944.5,10950.3,3408.9,4,atk
32.40,5555.7,11216.7,674.3,8,atk
32.40,11777.9,13057.8,1877.8,6,def
32.60,1897.0,7729.4,1344.8,2,atk
32.60,5895.2,10931.1,3397.9,4,atk
32.60,5531.5,11243.4,646.4,8,atk
32.60,11777.9,13057.8,1877.7,6,def
32.80,1867.7,7756.9,1320.8,2,atk
32.80,5846.0,10911.9,3386.6,4,atk
32.80,5507.3,11270.0,618.2,8,atk
32.80,11777.9,13057.8,1877.5,6,def
33.00,1838.3,7784.4,1296.5,2,atk
33.00,5796.8,10892.7,3374.9,4,atk
33.00,5483.1,11296.6,589.6,8,atk
33.00,11777.9,13057.8,1877.5,6,def
33.20,1808.9,7812.0,1271.8,2,atk
33.20,5747.5,10873.6,3362.8,4,atk
33.20,5459.0,11323.3,560.6,8,atk
33.20,11777.9,13057.8,1877.4,6,def
33.40,1779.5,7839.5,1246.7,2,atk
33.40,5698.3,10854.4,3350.3,4,atk
33.40,5434.8,11349.9,531.2,8,atk
33.40,11777.9,13057.8,1877.2,6,def
33.60,1750.2,7867.0,1221.2,2,atk
33.60,5649.0,10835.2,3337.4,4,atk
33.60,5410.6,11376.5,501.5,8,atk
33.60,11777.9,13057.8,1877.2,6,def
33.80,1720.8,7894.5,1195.3,2,atk
33.80,5599.8,10816.0,3324.1,4,atk
33.80,5386.4,11403.2,471.3,8,atk
33.80,11777.9,13057.8,1877.1,6,def
34.00,1691.4,7922.0,1169.0,2,atk
34.00,5550.6,10796.8,3310.4,4,atk
34.00,5362.3,11429.8,440.7,8,atk
34.00,11777.9,13057.8,1877.0,6,def
34.20,1662.0,7949.5,1142.4,2,atk
34.20,5501.3,10777.6,3296.3,4,atk
34.20,5338.1,11456.4,409.8,8,atk
34.20,11777.9,13057.8,1876.9,6,def
34.40,1632.7,7977.0,1115.3,2,atk
34.40,5452.1,10758.4,3281.8,4,atk
34.40,5313.9,11483.1,378.4,8,atk
34.40,11777.9,13057.8,1876.8,6,def
34.60,1603.3,8004.6,1087.8,2,atk
34.60,5402.8,10739.2,3267.0,4,atk
34.60,5289.7,11509.7,346.7,8,atk
34.60,11777.9,13057.8,1876.7,6,def
34.80,1573.9,8032.1,1060.0,2,atk
34.80,5353.6,10720.0,3251.7,4,atk
34.80,5265.6,11536.3,314.5,8,atk
34.80,11777.9,13057.8,1876.6,6,def
35.00,1544.5,8059.6,1031.7,2,atk
35.00,5304.4,10700.9,3236.1,4,atk
35.00,5241.4,11562.9,282.0,8,atk
35.00,11777.9,13057.8,1876.5,6,def
35.20,1515.1,8087.1,1003.1,2,atk
35.20,5255.1,10681.7,3220.0,4,atk
35.20,5217.2,11589.6,249.1,8,atk
35.20,11777.9,13057.8,1876.4,6,def
35.40,1485.8,8114.6,974.1,2,atk
35.40,5205.9,10662.5,3203.6,4,atk
35.40,5193.0,11616.2,215.8,8,atk
35.40,11777.9,13057.8,1876.3,6,def
35.60,1456.4,8142.1,944.7,2,atk
35.60,5156.7,10643.3,3186.8,4,atk
35.60,5168.9,11642.8,182.1,8,atk
35.60,11777.9,13057.8,1876.2,6,def
35.80,1427.0,8169.6,914.8,2,atk
35.80,5107.4,10624.1,3169.6,4,atk
35.80,5144.7,11669.5,148.0,8,atk
35.80,11777.9,13057.8,1876.1,6,def
36.00,1397.6,8197.2,884.6,2,atk
36.00,5058.2,10604.9,3152.0,4,atk
36.00,5120.5,11696.1,113.5,8,atk
36.00,11777.9,13057.8,1876.0,6,def
36.20,1368.3,8224.7,854.0,2,atk
36.20,5008.9,10585.7,3134.0,4,atk
36.20,5096.3,11722.7,78.6,8,atk
36.20,11777.9,13057.8,1875.9,6,def
36.40,1338.9,8252.2,823.1,2,atk
36.40,4959.7,10566.5,3115.6,4,atk
36.40,5072.2,11749.4,43.3,8,atk
36.40,11777.9,13057.8,1875.8,6,def
36.60,1309.5,8279.7,791.7,2,atk
36.60,4910.5,10547.3,3096.8,4,atk
36.60,5048.0,11776.0,7.7,8,atk
36.60,11777.9,13057.8,1875.7,6,def
36.80,1280.1,8307.2,759.9,2,atk
36.80,4861.2,10528.1,3077.6,4,atk
36.80,11777.9,13057.8,1875.6,6,def
37.00,1250.7,8334.7,727.7,2,atk
37.00,4812.0,10509.0,3058.0,4,atk
37.00,11777.9,13057.8,1875.5,6,def
37.20,1221.4,8362.2,695.2,2,atk
37.20,4762.8,10489.8,3038.1,4,atk
37.20,11777.9,13057.8,1875.4,6,def
37.40,1192.0,8389.7,662.2,2,atk
37.40,4713.5,10470.6,3017.7,4,atk
37.40,11777.9,13057.8,1875.3,6,def
37.60,1162.6,8417.2,628.9,2,atk
37.60,4664.3,10451.4,2997.0,4,atk
37.60,11777.9,13057.8,1875.2,6,def
37.80,1133.2,8444.7,595.1,2,atk
37.80,4615.0,10432.2,2975.8,4,atk
37.80,11777.9,13057.8,1875.1,6,def
38.00,1103.9,8472.3,561.0,2,atk
38.00,4565.8,10413.0,2954.3,4,atk
38.00,11777.9,13057.8,1875.0,6,def
38.20,1074.5,8499.8,526.5,2,atk
38.20,4516.6,10393.8,2932.4,4,atk
38.20,11777.9,13057.8,1874.9,6,def
38.40,1045.1,8527.3,491.6,2,atk
38.40,4467.3,10374.6,2910.0,4,atk
38.40,11777.9,13057.8,1874.8,6,def
38.60,1015.7,8554.8,456.3,2,atk
38.60,4418.1,10355.4,2887.3,4,atk
38.60,11777.9,13057.8,1874.7,6,def
38.80,986.3,8582.3,420.6,2,atk
38.80,4368.8,10336.3,2864.2,4,atk
38.80,11777.9,13057.8,1874.6,6,def
39.00,957.0,8609.8,384.5,2,atk
39.00,4319.6,10317.1,2840.7,4,atk
39.00,11777.9,13057.8,1874.5,6,def
39.20,927.6,8637.3,348.0,2,atk
39.20,4270.4,10297.9,2816.8,4,atk
39.20,11777.9,13057.8,1874.4,6,def
39.40,898.2,8664.8,311.1,2,atk
39.40,4221.1,10278.7,2792.6,4,atk
39.40,11777.9,13057.8,1874.3,6,def
39.60,868.8,8692.3,273.9,2,atk
39.60,4171.9,10259.5,2767.9,4,atk
39.60,11777.9,13057.8,1874.2,6,def
39.80,839.5,8719.8,236.2,2,atk
39.80,4122.7,10240.3,2742.8,4,atk
39.80,11777.9,13057.8,1874.1,6,def
40.00,810.1,8747.4,198.1,2,atk
40.00,4073.4,10221.1,2717.4,4,atk
40.00,11777.9,13057.8,1874.0,6,def
40.20,780.7,8774.9,159.7,2,atk
40.20,4024.2,10201.9,2691.5,4,atk
40.20,11777.9,13057.8,1873.9,6,def
40.40,751.3,8802.4,120.9,2,atk
40.40,3974.9,10182.7,2665.3,4,atk
40.40,11777.9,13057.8,1873.8,6,def
40.60,721.9,8829.9,81.6,2,atk
40.60,3925.7,10163.5,2638.6,4,atk
40.60,11777.9,13057.8,1873.7,6,def
40.80,692.6,8857.4,42.0,2,atk
40.80,3876.5,10144.4,2611.6,4,atk
40.80,11777.9,13057.8,1873.6,6,def
41.00,663.2,8884.9,2.0,2,atk
41.00,3827.2,10125.2,2584.2,4,atk
41.00,11777.9,13057.8,1873.5,6,def
41.20,3778.0,10106.0,2556.4,4,atk
41.20,11777.9,13057.8,1873.4,6,def
41.40,3728.7,10086.8,2528.2,4,atk
41.40,11777.9,13057.8,1873.3,6,def
41.60,3679.5,10067.6,2499.6,4,atk
41.60,11777.9,13057.8,1873.2,6,def
41.80,3630.3,10048.4,2470.6,4,atk
41.80,11777.9,13057.8,1873.1,6,def
42.00,3581.0,10029.2,2441.2,4,atk
42.00,11777.9,13057.8,1873.0,6,def
42.20,3531.8,10010.0,2411.5,4,atk
42.20,11777.9,13057.8,1872.9,6,def
42.40,3482.6,9990.8,2381.3,4,atk
42.40,11777.9,13057.8,1872.8,6,def
42.60,3433.3,9971.7,2350.7,4,atk
42.60,11777.9,13057.8,1872.7,6,def
42.80,3384.1,9952.5,2319.8,4,atk
42.80,11777.9,13057.8,1872.7,6,def
43.00,3334.8,9933.3,2288.4,4,atk
43.00,11777.9,13057.8,1872.5,6,def
43.20,3285.6,9914.1,2256.7,4,atk
43.20,11777.9,13057.8,1872.5,6,def
43.40,3236.4,9894.9,2224.6,4,atk
43.40,11777.9,13057.8,1872.4,6,def
43.60,3187.1,9875.7,2192.1,4,atk
43.60,11777.9,13057.8,1872.2,6,def
43.80,3137.9,9856.5,2159.1,4,atk
43.80,11777.9,13057.8,1872.2,6,def
44.00,3088.6,9837.3,2125.8,4,atk
44.00,11777.9,13057.8,1872.1,6,def
44.20,3039.4,9818.1,2092.1,4,atk
44.20,11777.9,13057.8,1871.9,6,def
44.40,2990.2,9798.9,2058.0,4,atk
44.40,11777.9,13057.8,1871.9,6,def
44.60,2940.9,9779.8,2023.6,4,atk
44.60,11777.9,13057.8,1871.8,6,def
44.80,2891.7,9760.6,1988.7,4,atk
44.80,11777.9,13057.8,1871.7,6,def
45.00,2842.5,9741.4,1953.4,4,atk
45.00,11777.9,13057.8,1871.6,6,def
45.20,2793.2,9722.2,1917.8,4,atk
45.20,11777.9,13057.8,1871.5,6,def
45.40,2744.0,9703.0,1881.7,4,atk
45.40,11777.9,13057.8,1871.4,6,def
45.60,2694.7,9683.8,1845.3,4,atk
45.60,11777.9,13057.8,1871.2,6,def
45.80,2645.5,9664.6,1808.4,4,atk
45.80,11777.9,13057.8,1870.6,6,def
46.00,2596.3,9645.4,1771.2,4,atk
46.00,11777.9,13057.8,1869.7,6,def
46.20,2547.0,9626.2,1733.6,4,atk
46.20,11777.9,13057.8,1868.3,6,def
46.40,2497.8,9607.1,1695.6,4,atk
46.40,11777.9,13057.8,1866.6,6,def
46.60,2448.6,9587.9,1657.2,4,atk
46.60,11777.9,13057.8,1864.4,6,def
46.80,2399.3,9568.7,1618.4,4,atk
46.80,11777.9,13057.8,1861.9,6,def
47.00,2350.1,9549.5,1579.2,4,atk
47.00,11777.9,13057.8,1859.0,6,def
47.20,2300.8,9530.3,1539.6,4,atk
47.20,11777.9,13057.8,1855.6,6,def
47.40,2251.6,9511.1,1499.6,4,atk
47.40,11777.9,13057.8,1851.9,6,def
47.60,2202.4,9491.9,1459.3,4,atk
47.60,11777.9,13057.8,1847.8,6,def
47.80,2153.1,9472.7,1418.5,4,atk
47.80,11777.9,13057.8,1843.3,6,def
48.00,2103.9,9453.5,1377.3,4,atk
48.00,11777.9,13057.8,1838.5,6,def
48.20,2054.6,9434.3,1335.8,4,atk
48.20,11777.9,13057.8,1833.2,6,def
48.40,2005.4,9415.2,1293.9,4,atk
48.40,11777.9,13057.8,1827.5,6,def
48.60,1956.2,9396.0,1251.5,4,atk
48.60,11777.9,13057.8,1821.4,6,def
48.80,1906.9,9376.8,1208.8,4,atk
48.80,11777.9,13057.8,1815.0,6,def
49.00,1857.7,9357.6,1165.7,4,atk
49.00,11777.9,13057.8,1808.1,6,def
49.20,1808.5,9338.4,1122.2,4,atk
49.20,11777.9,13057.8,1800.9,6,def
49.40,1759.2,9319.2,1078.3,4,atk
49.40,11777.9,13057.8,1793.3,6,def
49.60,1710.0,9300.0,1034.0,4,atk
49.60,11777.9,13057.8,1785.2,6,def
49.80,1660.7,9280.8,989.3,4,atk
49.80,11777.9,13057.8,1776.8,6,def
50.00,1611.5,9261.6,944.2,4,atk
50.00,11777.9,13057.8,1768.0,6,def
50.20,1562.3,9242.5,898.8,4,atk
50.20,11777.9,13057.8,1758.8,6,def
50.40,1513.0,9223.3,852.9,4,atk
50.40,11777.9,13057.8,1749.2,6,def
50.60,1463.8,9204.1,806.7,4,atk
50.60,11777.9,13057.8,1739.2,6,def
50.80,1414.6,9184.9,760.0,4,atk
50.80,11777.9,13057.8,1728.9,6,def
51.00,1365.3,9165.7,713.0,4,atk
51.00,11777.9,13057.8,1718.1,6,def
51.20,1316.1,9146.5,665.5,4,atk
51.20,11777.9,13057.8,1706.9,6,def
51.40,1266.9,9127.3,617.7,4,atk
51.40,11777.9,13057.8,1695.4,6,def
51.60,1217.6,9108.1,569.5,4,atk
51.60,11777.9,13057.8,1683.4,6,def
51.80,1168.4,9088.9,520.9,4,atk
51.80,11777.9,13057.8,1671.1,6,def
52.00,1119.1,9069.7,471.9,4,atk
52.00,11777.9,13057.8,1658.3,6,def
52.20,1069.9,9050.6,422.5,4,atk
52.20,11777.9,13057.8,1645.2,6,def
52.40,1020.7,9031.4,372.7,4,atk
52.40,11777.9,13057.8,1631.7,6,def
52.60,971.4,9012.2,322.5,4,atk
52.60,11777.9,13057.8,1617.8,6,def
52.80,922.2,8993.0,272.0,4,atk
52.80,11777.9,13057.8,1603.5,6,def
53.00,873.0,8973.8,221.0,4,atk
53.00,11777.9,13057.8,1588.8,6,def
53.20,823.7,8954.6,169.6,4,atk
53.20,11777.9,13057.8,1573.7,6,def
53.40,774.5,8935.4,117.9,4,atk
53.40,11777.9,13057.8,1558.2,6,def
53.60,725.2,8916.2,65.8,4,atk
53.60,11777.9,13057.8,1542.4,6,def
53.80,676.0,8897.0,13.2,4,atk
53.80,11777.9,13057.8,1526.1,6,def
54.00,11777.9,13057.8,1509.4,6,def
54.20,11777.9,13057.8,1492.4,6,def
54.40,11777.9,13057.8,1474.9,6,def
54.60,11777.9,13057.8,1457.1,6,def
54.80,11777.9,13057.8,1438.9,6,def
55.00,11777.9,13057.8,1420.3,6,def
55.20,11777.9,13057.8,1401.2,6,def
55.40,11777.9,13057.8,1381.8,6,def
55.60,11777.9,13057.8,1362.0,6,def
55.80,11777.9,13057.8,1341.9,6,def
56.00,11777.9,13057.8,1321.3,6,def
56.20,11777.9,13057.8,1300.3,6,def
56.40,11777.9,13057.8,1278.9,6,def
56.60,11777.9,13057.8,1257.2,6,def
56.80,11777.9,13057.8,1235.0,6,def
57.00,11777.9,13057.8,1212.5,6,def
57.20,11777.9,13057.8,1189.5,6,def
57.40,11777.9,13057.8,1166.2,6,def
57.60,11777.9,13057.8,1142.5,6,def
57.80,11777.9,13057.8,1118.4,6,def
58.00,11777.9,13057.8,1093.9,6,def
58.20,11777.9,13057.8,1069.0,6,def
58.40,11777.9,13057.8,1043.7,6,def
58.60,11777.9,13057.8,1018.0,6,def
58.80,11777.9,13057.8,991.9,6,def
59.00,11777.9,13057.8,965.5,6,def
59.20,11777.9,13057.8,938.6,6,def
59.40,11777.9,13057.8,911.4,6,def
59.60,11777.9,13057.8,883.7,6,def
59.80,11777.9,13057.8,855.7,6,def
60.00,11777.9,13057.8,827.2,6,def
60.20,11777.9,13057.8,798.4,6,def
60.40,11777.9,13057.8,769.2,6,def
60.60,11777.9,13057.8,739.6,6,def
60.80,11777.9,13057.8,709.6,6,def
61.00,11777.9,13057.8,679.2,6,def
61.20,11777.9,13057.8,648.4,6,def
61.40,11777.9,13057.8,617.3,6,def
61.60,11777.9,13057.8,585.7,6,def
61.80,11777.9,13057.8,553.7,6,def
62.00,11777.9,13057.8,521.4,6,def
62.20,11777.9,13057.8,488.6,6,def
62.40,11777.9,13057.8,455.5,6,def
62.60,11777.9,13057.8,422.0,6,def
62.80,11777.9,13057.8,388.0,6,def
63.00,11777.9,13057.8,353.7,6,def
63.20,11777.9,13057.8,319.0,6,def
63.40,11777.9,13057.8,283.9,6,def
63.60,11777.9,13057.8,248.4,6,def
63.80,11777.9,13057.8,212.5,6,def
64.00,11777.9,13057.8,176.3,6,def
64.20,11777.9,13057.8,139.6,6,def
64.40,11777.9,13057.8,102.5,6,def
64.60,11777.9,13057.8,65.1,6,def
64.80,11777.9,13057.8,27.2,6,def
